header,body,is_shuffled,manual_label,manual_notes,H_relevance,L_relevance_1,L_relevance_notes_1
What should you do if your details change?,"6. If you change your name, address, telephone number or email address you must tell us in writing or by calling us. We will use the most recent details you have given us to send information and contact you.",0,,,0,1,"No.

The heading ""What should you do if your details change?"" suggests that the body will provide instructions or guidance on what actions to take when one's details change. However, the body only lists specific examples of changes (name, address, telephone number) without providing any actual steps or advice on what to do in such situations. The heading does not accurately introduce the nature of information contained in the body, which is simply a list of examples rather than actionable guidance."
C4 Joint Accounts,This account cannot be held in joint names,0,1,should establish cannot be held in joint names,1,1,"N

The heading ""C4 Joint Accounts"" suggests that the document will provide information about joint accounts, but the body text states that ""This account cannot be held in joint names"". The heading does not accurately introduce the nature of information contained in the body, which is actually a statement about what is not allowed rather than providing information about joint accounts."
Specific Conditions E: Variations to all accounts,"E1 We may: (i) Change these Specific Conditions in accordance with the General Conditions; (ii) For accounts with no fixed duration convert your account to another account in our range (for example, if you are no longer eligible for the account or if we decide to no longer offer that particular type of account). E2 If we do make any changes as set out above, we will give you at least two months' personal notice in accordance with the General Conditions, and will give you all relevant details. Any changes will take effect at the end of the notice period unless you close or change your account before then. You are in any case free to close your account at any time. Santander is able to provide literature in alternative formats. The formats available are: large print, Braille and audio CD. If you would like to register to receive correspondence in an alternative format please visit santander.co.uk/alternativeformats for more information, ask us in branch or give us a call. Santander UK plc. Registered Office: 2 Triton Square, Regent's Place, London, NW1 3AN, United Kingdom. Registered Number 2294747. Registered in England and Wales. www.santander.co.uk. Telephone 0800 389 7000. Calls may be recorded or monitored. Authorised by the Prudential Regulation Authority and regulated by the Financial Conduct Authority and the Prudential Regulation Authority. Our Financial Services Register number is 106054. You can check this on the Financial Services Register by visiting the FCA's website www.fca.org.uk/register. Santander and the flame logo are registered trademarks.",0,,,0,0,"Y

The heading ""Specific Conditions E: Variations to all accounts"" accurately introduces the nature of information contained in the body, which is about changing specific conditions related to account variations. The heading clearly indicates that the following text will discuss potential changes to certain conditions, which aligns with the content of the body (""We may..."")."
B4 Refusing a payment due to lack of funds,If you try to make a payment from your account when you do not have enough money in it to cover that amount we will refuse the payment due to lack of funds.,0,,,0,0,"Y

The heading ""B4 Refusing a payment due to lack of funds"" accurately introduces the nature of information contained in the body, which explains the scenario where a payment is attempted but refused due to insufficient funds. The heading clearly indicates that the content will be about refusing payments due to lack of funds, which aligns with the purpose of the body text."
(b) Joint accounts (current accounts),"If you have a joint account, each of you will have your own MyRewards. Joint account holders can earn Rewards on their own debit card. Only one joint account holder needs to log into our mobile banking app to earn the Rewards. You won't earn more Rewards if all joint account holders log in during that month. Only one joint account holder can receive the Rewards from Direct Debits and logging into our mobile banking app. You'll be able to choose which account holder will receive these Rewards into their MyRewards when you open your Reward current account. If you don't choose, one of the joint account holders will be automatically selected. You can change this at any time. You can check and change which account holder receives Rewards by going to natwest.com/myrewards or by calling 0370 901 6790 (Minicom 0800 027 1395). Please note that you can only change which account holder receives Rewards once in a 30 day period.",0,,,0,0,"Y

The heading ""Joint accounts (current accounts)"" accurately introduces the nature of information contained in the body because it clearly states that the text will be discussing joint accounts, specifically current accounts. The phrase ""(current accounts)"" provides additional specificity about the type of joint accounts being referred to. This sets the reader's expectation for what they will learn from reading the subsequent text."
Rakuten TV Terms and Conditions,"The following Cinema Supplier related terms & conditions will apply for both Vue and ODEON. 1. The Cinema Suppliers for Club Lloyds Lifestyle A Vue cinema voucher may only be exchanged in a Vue cinema and an ODEON cinema voucher may only be exchanged in an ODEON cinema. 2. For full details on ticket validity, please see the Cinema Supplier Specific Terms and Conditions below. 3. If you select cinema as your Lifestyle Benefit, the Administrator will use the postcode originally provided to Lloyds Bank to identify your nearest Cinema Supplier. You will have ability to manually change the allocated Cinema Supplier within the timeframe stipulated within your Welcome or Renewal Letter or Email. Your final choice must be communicated to the Administrator no later than the final date outlined in your Welcome Letter or Email for new customers or Renewal Letter or Email for Renewal customers.",1,,,1,1,"N

The heading ""Rakuten TV Terms and Conditions"" does not accurately introduce the nature of information contained in the body, which appears to be about cinema suppliers rather than TV terms and conditions."
2 How to set up your MyRewards,"MyRewards is the account where your Rewards will be collected. To use your Rewards, you can set up your MyRewards online by visiting natwest.com/myrewards. If you already have MyRewards and you open another NatWest product which earns Rewards, any Rewards you earn on that product will be added to your existing MyRewards. If you're unable to access the internet, you can use your Rewards by calling the Customer Service team on 0370 901 6790 (Minicom 0800 027 1395).",0,,,0,1,"N

The heading ""How to set up your MyRewards"" suggests that the body will provide instructions or steps to follow for setting up the MyRewards account. However, the body text only provides a general description of what MyRewards is, without providing any specific guidance on how to set it up. The heading does not accurately introduce the nature of information contained in the body, which is more of a definition rather than instructional content."
D9 Ending your studies,"If you decide not to continue with your postgraduate studies then you must notify us. If you leave your course (as defined in the 'Eligibility' section) you will no longer be eligible for this current account and any 1I2I3 Postgraduate Current Account Arranged Overdraft Allowance will be withdrawn. The services on your current account will be changed or your current account will be closed. When you complete your course, you will no longer be eligible for this current account. At this time, these Specific Conditions will cease to apply to your current account. Unless we agree with you before the end of your course that you can have a different facility with us, your 1I2I3 Postgraduate Current Account will automatically be transferred to the 1I2I3 Graduate Current Account and the Specific Conditions for the 1I2I3 Graduate Current Account will apply. We'll give you at least two months' notice of the date of the change or, if applicable, closure.",0,,,0,1,"No.

The heading ""D9 Ending your studies"" does not accurately introduce the nature of information contained in the body. The body text talks about deciding not to continue with postgraduate studies, which is unrelated to ending one's studies. The heading seems to be a random code or identifier rather than a descriptive title that sets up the reader for what follows."
4 How you can use your Rewards,"Rewards will be displayed as 'on their way' for 35 days. This means that the Rewards have been recorded but are not available to use. Once the Rewards are ready, they'll be shown as 'available'. After your Rewards become available and you've earned the equivalent of Â¬Â£5 or more in Rewards, you can exchange them (5.00 Rewards = Â¬Â£5 when exchanged). You have three options to use your Rewards: BANK IT Exchange your Rewards for money which is transferred to your current account or to your credit card. TRADE UP Exchange your Rewards for vouchers or tickets which you can use at selected retailers. DONATE IT Exchange your Rewards for money which you can donate to a participating charity. Please note: * Your Rewards have no monetary value until they are exchanged. * You can't change or cancel your option after you've conÃ”Â¨Ã…rmed it. * Some exchange options and special offers may only be available for a short period of time and they may require a minimum Rewards balance. Any restrictions will be explained at natwest.com/myrewards.",0,,,0,1,"N

The heading ""How you can use your Rewards"" suggests that the body will provide information on how customers can utilize or benefit from rewards they have earned. However, the body text actually talks about how rewards will be displayed (""Rewards will be displayed as 'on their way'...""), which is not related to using the rewards. The heading does not accurately introduce the nature of information contained in the body."
9 Availability of the MyRewards service and our liability,"There may be times when the MyRewards service is unavailable for you to use due to maintenance or upgrades to systems used to provide the MyRewards service or outages in our phone network. We won't be liable to refund you for any losses caused by circumstances beyond our control (i.e. the situation was abnormal or unforeseeable), for example, due to extreme weather, terrorist activity or industrial action. If you'd like this information in another format, call us on 03457 888 444 (Minicom 0800 404 6161)",0,,,0,1,"N

The heading ""Availability of the MyRewards service"" suggests that the body will discuss the circumstances under which the MyRewards service is available or accessible. However, the body text actually talks about potential issues or limitations with the service (""There may be times when...""), rather than its availability. The heading does not accurately introduce the nature of the information contained in the body."
7 Changing the MyRewards service,"If we have a valid reason for doing so, we can make changes to these Terms. We'll give you at least 30 days' notice before we do this. We'll email you about these changes to the email address you gave us. If you didn't give us an email address then we'll send you notice of the changes in the post to the address we hold for you. If you're unhappy with the changes you can close your current account or your credit card.",0,,,0,1,"Based on the provided document heading and body, I would answer:

N (No)

The heading ""Changing the MyRewards service"" does not accurately introduce the nature of information contained in the body. The body text talks about the bank's ability to change the MyRewards service if they have a valid reason, whereas the heading suggests that the document is about changing the service itself. The heading should be more specific or descriptive to match the content of the body."
Cinema Terms and Conditions,"1. The customer is entitled to receive 12 Rakuten TV Movie Voucher Codes (""MVC"") in their benefit year, one issued per month. 2. The Movie Voucher Codes are valid for Standard and High Definition movie rentals only. Please refer to the email or letter we sent you with your code for full details of exclusions. 3. Movies Voucher Codes are valid for 35 days from issuance. After that date they will no longer be able to be redeemed. 4. If you have not used the Rakuten TV platform before, you will be required to register with a valid email address and password, accept the Terms of Use (https://rakuten.tv/uk/terms_conditions/2374) and Contractual Conditions (https://rakuten.tv/uk/terms_conditions/2059) and read the Privacy and Cookies (https://rakuten.tv/uk/terms_conditions/2302) before redeeming your first code. 5. The Movie Voucher Codes can be redeemed on the Club Lloyds portal, https://rakuten.tv/uk/campaigns/clublloyds Rakuten TV website or Rakuten TV app. 6. Once the Movie Voucher Code has been redeemed and the movie rental selected, it will be available to watch for 48 hours. 7. You can watch the movie online or on the Rakuten TV app which is across all supported devices: Smart TVs, consoles, (Xbox One and PSP), tablets & smartphones (IOS, Android). Just log in with your Rakuten TV user ID and password. See list of available devices here: https://help.rakuten.tv/hc/en-gb. 8. The majority of movies can also be downloaded to watch offline on most Android or iOS devices, using the Rakuten TV App. If this option is available for your chosen title, you just need to click the ""Download"" button on the movie's information page. 9. This benefit is for Club Lloyds customers only. Movie Voucher Codes are non-transferable, cannot be exchanged for cash and cannot be used in conjunction with any other promotional voucher. 10. If you cancel your Club Lloyds Bank Account you will no longer be issued subsequent Movie Voucher Codes but Movie Voucher Codes that have been issued before cancellation will continue to be valid for 35 days from the date of issuance.",1,,,1,1,"N

The heading ""Cinema Terms and Conditions"" does not accurately introduce the nature of information contained in the body. The body text appears to be discussing a reward program or benefits for customers, whereas the heading suggests it's related to cinema tickets or movie-related terms and conditions. This mismatch between the heading and the content creates confusion and makes it difficult for readers to understand what the document is about."
Magazine Subscription Terms and Conditions,"1. Once the 30-day cooling-off period has expired, the Customer may not change magazine title or format until notified that they may do so after their account opening anniversary. 2. Allow up to 8 weeks for delivery of first printed issue. 3. Magazine subscriptions will be delivered to UK street addresses only (i.e. no PO Box addresses). 4. Delivery is by Second Class post. 5. Subscriptions may not include promotional items packaged with the magazine. 6. In the event that the Customer's choice of title is discontinued, a suitable alternative will be offered for the remainder of the relevant subscription period. 7. The number of issues per annum is subject to change by the publisher. 8. The maximum subscription term is 12 months. The number of magazines issued within the subscription term varies according to the particular publication (for example, currently Esquire has 6 issues per annum, Men's Health has 11 issues per annum, Women's Health has 10 issues per annum and Country Walking has 13 issues per annum). 9. If you choose a digital magazine title as your Club Lloyds Lifestyle Benefit you must provide a valid email address. 10. For digital magazine subscriptions you will receive an email (within 10 working days) with an activation link that includes instructions of how to download your digital magazine subscription. Please check your junk folder for any communication. Once the activation process has been completed, you will have instant access to your chosen digital magazine subscription. 11. Your digital magazine subscription will start with the latest available issue. 12. You will only have access to the issues in your current subscription term and won't be able to access back issues. 13. Magazines published by Hearst Magazines are available digitally on Apple and compatible with Android and Amazon (Trademarked) devices. For more information see https://www.hearstmagazines.co.uk/digitalfaq. 14. Magazines published by Bauer Media are available digitally on Apple and compatible with Android devices only. For a full list of compatible devices in relation to magazines published by Bauer Media please visit www.greatmagazines.co.uk/digital-magazines 15. You will have to access the digital magazine subscription through the built-in Newsstand app on Apple devices and through the Google Play store on Android devices. 16. For full terms and conditions relating to Hearst Magazine magazine subscriptions, including digital, please visit https://www.hearstmagazines.co.uk/terms-and-conditions",0,,,0,1,"N

The heading ""Magazine Subscription Terms and Conditions"" does not accurately introduce the nature of information contained in the body. The body text appears to be discussing a 30-day cooling-off period, which is unrelated to magazine subscriptions or terms and conditions."
(b) Closing your MyRewards,"If you or we close your current account in accordance with Your Current Account Terms or your credit card in accordance with your NatWest credit card agreement then your MyRewards will also close. After your MyRewards is closed, you'll have 90 days to use your Rewards balance. You can only exchange your Rewards balance for money and transfer it into a bank account (the account doesn't need to be held with NatWest) by contacting the Customer Service Team on 0370 901 6790 (Minicom 0800 027 1395). If you close a Reward current account or Reward credit card, your MyRewards will remain open if you have another Reward current account or Reward credit card (for example, if you have a Reward Platinum and a Reward Credit Card and you close your Reward Credit Card, your MyRewards will remain open and you'll continue to earn Rewards on your Reward Platinum).",0,,,0,0,"Y

The heading ""Closing your MyRewards"" accurately introduces the nature of information contained in the body, which is about what happens if someone closes their current account. The word ""MyRewards"" suggests that it's related to rewards or benefits associated with the account, but the phrase ""Closing your"" clearly indicates that the content will be about closing the account, not just rewards."
What law governs this agreement?,"14. This agreement, and everything that happens in relation to this agreement before it is made, are governed by the laws, and subject to the non-exclusive jurisdiction of the courts, of England and Wales. We will communicate with you at all times in English.",0,1,"better title would be- is this agreement governed by law becauseit doesnÕt address the ""what""",1,1,"N

The heading ""What law governs this agreement?"" suggests that the answer will be about the specific legislation or regulation that applies to the agreement. However, the body text ""This agreement, and everything that happens..."" does not appear to be related to the governing law at all. The language used is vague and does not provide any information about the legal framework that governs the agreement. Therefore, the heading does not accurately introduce the nature of the information contained in the body."
1. How the Customer Agreement applies to non-personal Barclays Wealth Management Banking customers,"Section 1 of the Customer Agreement says that it doesn't cover banking services for businesses, clubs, charities, or professional trustees. If you are a non-personal Barclays Wealth Management Banking customer, the Customer Agreement will apply to the banking services we provide, notwithstanding what Section 1 says.",0,,,0,0,"Y

The heading ""How the Customer Agreement applies to non-personal accounts"" accurately introduces the nature of information contained in the body, which explains how the Customer Agreement relates to non-personal accounts. The heading clearly indicates what topic will be discussed in the section, making it easy for readers to anticipate the content."
2. Keeping each other informed,"To be eligible for the 1I2I3 Postgraduate Current Account: D2.1.1 you must be 19 years old or over and live in the UK for tax purposes D2.1.2 have completed a course which satisfies the student criteria D2.1.3 You must pay money into this account with your primary funding (see ""Use of your current accountâ€šÃ„Ã¹ below) D2.1.4 You must be studying an approved full time postgraduate course with a Higher Education Provider, on a minimum one year course and be able to provide proof of student status (UCAS Digital AS12, Student ID Card or Letter from your Higher Education Provider). Approved postgraduate courses include (this list is not exhaustive): a) Master of Business Administration (MBA); b) A Master's Degree; or c) A Doctor of Philosophy (PhD). D2.1.5 From 10 July 2018, this account is no longer available to open.",1,,,1,1,"No.

The heading ""Keeping each other informed"" does not accurately introduce the nature of information contained in the body. The body text appears to be discussing eligibility criteria for a postgraduate program, which is unrelated to keeping each other informed. The heading suggests that the content will be about communication or notification between individuals, but the actual topic is something entirely different."
Gourmet Society Digital Membership Terms and Conditions,"1. The Gourmet Society digital membership (the'Membership') gives a Club Lloyds customer 12 months access to the Gourmet Society. 2. The digital membership (the 'membership') may be used to obtain discounts at participating restaurants and gives you access to the Gourmet Society plus platform. 3. Advance booking may be required. Where this is required it will be stated in the restaurant's listing in the member's area. You must state that you are a gourmet society member at the time of booking. 4. The membership must be presented at the time of purchasing the meal/s. 5. Some restaurants may have specific exclusions, you can find these by viewing the restaurant page in the App (or please check our website for details). 6. When you accept the Gourmet Society terms & conditions in the app you agree to go ahead with the service. 7. Your digital membership (the 'Membership') expiry date is the date shown on your digital membership card in the Gourmet Society app. 8. Your'Gourmet + membership' will expire on the same date as your full standard membership. 9. We will use your personal data in the provision of your Membership to you, in accordance with our privacy policy. Please ensure that you read and understand our privacy policy at https://www.gourmetsociety.co.uk/privacy_policy.php 10. Your membership is not renewed automatically at the end of each 12-month membership period. 11. There is a maximum of one Lifestyle Benefit per account per year. Joint account holders who choose Gourmet Society Membership will receive their own digital membership number where each account holder provides a valid email address. 12. The Gourmet Society accepts no liability for memberships which are lost or stolen, or for any restaurant failing to accept the membership or honour an advertised discount. For any lost or stolen physical memberships, please contact the Agency on 0345 303 0303 (+44 1733 462224 if calling from abroad). 13. Collection is available from most restaurants. Delivery options may be limited by the delivery distance from pick up to drop off. Delivery distance and hours of operation are controlled by each restaurant. 14. It is your responsibility to ensure that your order is correct before proceeding with payment, as you will not be entitled to make amendments or cancel via the mobile application once the order is submitted. 15. A service charge of Â¬Â£0.49 is applicable to all orders. 16. Prices are controlled and set by the individual restaurants, including the delivery charge, and can change at any time. Any changes to pricing will not affect any orders which have already been accepted by the restaurant. 17. All queries or complaints regarding your order (including delivery) must be directed to the restaurant. 18. Full delivery and collection terms and conditions will be shown at checkout. You must review and accept them before placing an order. 19. For full terms and conditions visit https://www.gourmetsociety.co.uk/terms/corporate.php",0,,,0,1,"N

The heading ""Gourmet Society Digital Membership Terms and Conditions"" does not accurately introduce the nature of information contained in the body. The body text appears to be discussing a personal banking product, whereas the heading suggests it's related to a gourmet society or food-related service."
(a) Communications from us,"If you give us your email address and/or mobile number, we'll use these to send service related information to you including: * reminding you about your MyRewards balance; and * alerting you to any concerns we have about the activity on your MyRewards. We'll also send you information about how to make the most of MyRewards, including: * making you aware of other products or services we offer which pay Rewards; and * reminding you about who our retail partners are and telling you about any short-term offers. If you'd prefer not to receive communications about how to make the most of MyRewards, please let us know by amending your settings at natwest.com/ myrewards or by calling 0370 901 6790 (Minicom 0800 027 1395).",0,,,0,0,"Y

The heading ""Communications from us"" accurately introduces the nature of information contained in the body, which is about how the bank will communicate with customers through email and mobile devices if they provide their contact information. The heading clearly indicates that the content will be related to the bank's communication methods, making it easy for readers to understand what to expect."
C5 Overdrafts,You may be eligible for Arranged and Unarranged Overdrafts on your account. All overdrafts are subject to status. This account comes with an interest-free Arranged Overdraft (limit applies),0,,,0,1,"N

The heading ""C5 Overdrafts"" does not accurately introduce the nature of information contained in the body. The body text talks about eligibility for arranged and unarranged overdrafts, which is not directly related to C5 overdrafts. A more accurate heading would be something like ""Overdraft Eligibility"" or ""Arranged and Unarranged Overdrafts""."
(c) Additional cardholders (credit cards),Any Rewards earned from using an additional card issued with the Reward Credit Card or Reward Black Credit Card will be added to the primary account holder's MyRewards.,0,,,0,1,"N

The heading ""Additional cardholders (credit cards)"" does not accurately introduce the nature of information contained in the body. The body text talks about Rewards earned from using an additional card, which is related to credit card rewards, but the heading only mentions ""cardholders"" without specifying that it's about credit cards or rewards. A more accurate heading would be something like ""Rewards for Additional Credit Card Users""."
(b) Keeping your details up to date,"If you change your email address or mobile number then you must update these details at natwest.com/myrewards or by calling 0370 901 6790 (Minicom 0800 027 1395). If you change your email address or mobile number at natwest.com/myrewards or by calling the Customer Service Team, this change will only apply to the MyRewards service. You must also update your details for your other NatWest products and services by contacting your local branch, calling our telephone banking service on 03457 888444 (Minicom 0800 404 6161) or through online banking.",0,,,0,0,"Y

The heading ""Keeping your details up to date"" accurately introduces the nature of information contained in the body, which is about updating one's email address or mobile number. The heading provides a clear indication that the subsequent text will be discussing how to keep personal details current, making it easy for readers to anticipate what they will learn from reading the section."
C8 Funding requirements,"We'll use and share your information with Reward in accordance with General Term 14 of Your Current Account Terms and your NatWest credit card agreement to the extent needed for them to provide the MyRewards service to you. Reward will also use your information to: * set up and manage your MyRewards; * send you regular communications about your MyRewards, including reminding you of your Rewards balance, our retail partners and any short-term offers; * analyse your transactions so that we can understand the way you like to use your accounts and your lifestyle and purchasing preferences so that we can provide you with MyRewards offers from retail partners which may be of interest to you.",1,,,1,1,"N

The heading ""C8 Funding requirements"" does not accurately introduce the nature of information contained in the body. The body text appears to be discussing data sharing practices with Rewa, which is unrelated to funding requirements."
6 Security,"You must keep your security details safe (including any passwords or log-in details). If you fail to keep your details safe and someone else accesses your MyRewards, we won't be liable for any loss suffered.",0,,,0,1,"N

The heading ""6 Security"" does not accurately introduce the nature of information contained in the body. The body text is about keeping security details safe, which suggests that it's related to security measures or best practices for protecting sensitive information. The number ""6"" seems out of place and doesn't provide any context about what kind of security-related information will be discussed. A more accurate heading would be something like ""Keeping Your Security Details Safe"" or simply ""Security""."
D7 Overdrafts,You may be eligible for Arranged and Unarranged Overdrafts on your account. Arranged and Unarranged Overdrafts are subject to status. This account comes with an interest-free Arranged Overdraft (limit applies),0,,,0,1,"N

The heading ""D7 Overdrafts"" does not accurately introduce the nature of information contained in the body. The body text talks about eligibility for arranged and unarranged overdrafts, which is not directly related to the heading ""D7 Overdrafts"". A more accurate heading would be something like ""Overdraft Eligibility"" or ""Arranged and Unarranged Overdrafts""."
How to contact us,"If you need to contact us e.g. to update your contact details, ask for information about early repayment, tell us that you want to withdraw from the agreement or make a complaint please call 03457 404 404.",0,,,0,1,"N

The heading ""How to contact us"" does not accurately introduce the nature of information contained in the body. The body text is about updating personal information, which is not related to contacting the bank. A more accurate heading would be something like ""Update Your Personal Information"" or ""Change Your Details""."
(c) How we use your information,"In addition to the various ways you can contact us set out in the Retail Customer Agreement, you can also contact us through your usual contact or using the details found at barclays.co.uk/wealth.",1,,,1,1,"N

The heading ""(c) How we use your information"" suggests that the body will discuss how the bank uses customer information. However, the body text ""In addition to the various ways you can contact us..."" does not mention anything about how the bank uses customer information. Instead, it appears to be discussing methods for customers to get in touch with the bank. The heading and body do not accurately match, making it unclear what the reader can expect from the content."
How and when will we give you the loan?,"When you have signed and returned the agreement, we will sign it. The agreement will start on that day and will end when you have repaid everything you owe us. 1. We will pay the loan into the current account you gave in your application. This will usually be no more than five working days after the start date or the specific date you asked for. If the loan is to repay any other borrowing from us, the amount in your current account will be what is left over (if anything) after we have taken away the amount needed to repay those borrowings. 2. If you repay more than the total amount payable, we will close the account and return the amount you overpaid to another account you hold with us or by sending you a cheque.",0,,,0,1,"N

The heading ""How and when will we give you the loan?"" suggests that the body will provide information about the process or timeline for receiving a loan. However, the body text actually talks about signing and returning an agreement, which is not related to the loan disbursement process. The heading does not accurately introduce the nature of information contained in the body."
Can we use any other funds to repay the loan?,"11. If we hold any money for you on another account (for example if you have money in a current or savings account), we can use it to reduce or repay any sums you fail to pay under this agreement but only after we have checked that you have enough left in your accounts to cover essential living costs. We will give you advance notice and the opportunity to fix the problem first. 12. If you have provided security for any other borrowing from us, it will not apply to the loan.",0,,,0,1,"No.

The heading ""Can we use any other funds to repay the loan?"" suggests that the answer will be about whether the bank can use alternative sources of funds to repay a loan. However, the body text ""11. If we hold any money for you on another account..."" does not address this topic at all. Instead, it appears to discuss something related to holding funds on multiple accounts. The connection between the heading and the body is unclear, making it difficult for the reader to understand what the section is actually about."
D5 Maintaining the account,There is no monthly fee for maintaining the account.,0,1,"better title would be ""fees for maintaining aaccount"" as the title implies more than just money",1,1,"N

The heading ""D5 Maintaining the account"" does not accurately introduce the nature of information contained in the body. The body text talks about there being no monthly fee for maintaining the account, which implies that the topic is about fees or charges related to the account. However, the heading ""Maintaining the account"" suggests that the content will be about how to keep the account active or operational, rather than discussing fees."
1 What is MyRewards?,"MyRewards is a reward based programme where you can earn points (known as 'Rewards') by using your NatWest products. Throughout these terms we (National Westminster Bank Plc) will explain how you can earn Rewards and what you can do with your Rewards once you've earned them. MyRewards is managed on our behalf by Reward. Reward is the trading name of Sports Loyalty Card Limited; a limited company registered in England and Wales (Company Number 04158111) with its registered ofÃ”Â¨Ã…ce at 71 Queen Victoria Street, London EC4V 4BE. These terms apply to the MyRewards service and form part of the agreement between you and us. Your Core Terms (which set out general terms for using your account) should be read together with these Terms. Your Core Terms are: * Your Current Account Terms (if you have a current account with us) and/or * Your NatWest credit card agreement including the General Conditions (if you have a credit card with us).",0,,,0,1,"N

The heading ""What is MyRewards?"" does not accurately introduce the nature of information contained in the body. The body text talks about the program being ""reward-based"", but the heading only asks what it is, without giving any hint about its purpose or type. A more accurate heading would be something like ""How Does MyRewards Work?"" or ""What Is MyRewards Program About?"", which would better prepare the reader for the content that follows."
Specific Conditions,These Specific Conditions are in addition to the General Terms and Conditions for Current Accounts and Savings Accounts ('the General Conditions').,0,,,0,1,"N

The heading ""Specific Conditions"" does not accurately introduce the nature of information contained in the body. The body text starts by stating that these conditions are ""in addition to those already set out"", implying that there will be more general information provided elsewhere, but the heading only mentions ""Specific Conditions"" without giving any context about what they are specific to or what kind of information is being presented. A more accurate heading might be something like ""Additional Terms and Conditions"" to give a better idea of what the reader can expect from the content."
A5 Joint Accounts,"There is no monthly minimum funding requirement, however you must pay money into your account with your primary form of funding, for example, your salary.",1,,,1,1,"N

The heading ""A5 Joint Accounts"" does not accurately introduce the nature of information contained in the body. The body text talks about there being no monthly minimum funding requirement, which seems unrelated to joint accounts. The heading suggests that the content will be about joint accounts, but the actual topic is about account requirements."
A6 Overdrafts,You may be eligible for Arranged or Unarranged Overdrafts on your account. Arranged and Unarranged Overdrafts are subject to status,0,,,0,1,"N

The heading ""A6 Overdrafts"" does not accurately introduce the nature of information contained in the body. The body text talks about eligibility for Arranged or Unarranged overdrafts, but the heading only mentions ""Overdrafts"" without specifying whether it's arranged or unarranged."
(a) What are Rewards and how do you earn them?,"Rewards are points you can earn by making certain transactions on your account. The way you can earn Rewards and the number of Rewards you earn will be different depending on which account you have with us. The table below explains how you can earn Rewards on different accounts and how many Rewards you'll earn: * If you open an account that earns Rewards and you donâ€™t already have MyRewards, youâ€™ll start to earn Rewards by paying for things on your debit card or credit card the next business day after you open that account. * The list of debit card retail partners is available on natwest.com/myrewardsalong with the percentage of Rewards that can be earned from each retail partner. Our retail partners will change from time to time. * Sometimes weâ€™ll provide short-term offers (for example Direct Debit offers or offers from additional retailers) that allow you to earn additional Rewards. * Your Rewards are personal to you and canâ€™t be transferred to another party. * The minimum Rewards you can earn from one debit card or credit card transaction is 0.01 Reward.",0,,,0,1,"N

The heading ""What are Rewards and how do you earn them?"" suggests that the body will provide a definition or explanation of what rewards are, followed by information on how to earn them. However, the body only explains what rewards are (""Rewards are points you can earn by making certain transactions"") without providing any information on how to earn them. The heading does not accurately introduce the nature of information contained in the body."
7. Costs and charges,"To see the account and services charges for your account, you need to read our Wealth Management Banking tariff guide. The Barclays Tariff for Personal Customers (Our Charges Explained) does not apply to you because you are a Wealth customer. When we talk about 'the Tariff ' in your agreement with us, we mean the Wealth Management Banking tariff guide. You can view a copy of the Tariff on our website at barclays.co.uk/wealth or by asking your usual contact to provide you with one.",0,,,0,1,"N

The heading ""7. Costs and charges"" does not accurately introduce the nature of information contained in the body. The body text is about ""account and services charges"", which is more specific than just ""costs and charges"". The heading should be more precise to match the content of the body."
C2 Eligibility,Two of you (but not more) may have an account in joint names.,1,,,1,1,"No.

The heading ""C2 Eligibility"" does not accurately introduce the nature of information contained in the body. The body text talks about the number of people who can have an account, which is related to eligibility but not specifically about C2 eligibility. A more accurate heading would be something like ""Number of Account Holders"" or ""Joint Account Eligibility""."
5. Borrowing on a joint account,"5.1 Individuals who are authorised to give instructions on accounts held for unincorporated clubs, charities, societies and other forms of association are joint account holders. 5.2 If the account is held by an unincorporated association (such as a club, charity, society or other form of association) then, unless we have agreed otherwise, each authorised signatory is separately responsible for complying with the terms of the agreement and is jointly and severally liable under it for any money you owe us. This mean that we have the right to demand repayment of the full amount owed, and not just a share of it, from all or any of the authorised signatories.",0,,,0,0,"Y

The heading ""5. Borrowing on a joint account"" accurately introduces the nature of information contained in the body, which is about individuals authorized to give instructions for borrowing on a joint account. The heading clearly indicates that the subsequent text will discuss the topic of borrowing on a joint account, which aligns with the content provided in the body."
3. Carrying out your instructions,"If we receive an instruction that contains incorrect information, we can check this with you. We won't act on the instruction until we've managed to do that.",0,,,0,1,"Based on the provided document heading and body, I would answer:

No, the headings do not accurately introduce the nature of information contained in the body.

The heading ""Carrying out your instructions"" suggests that the body will provide information about how the bank carries out its customers' instructions or requests. However, the body text actually talks about receiving an instruction that contains incorrect information (e.g., ""If we receive an instruction that contains incorrect information...""). This is a different topic altogether, unrelated to carrying out instructions. The heading does not give any indication that it's discussing errors or inaccuracies in instructions. A more accurate heading might be something like ""Handling Incorrect Instructions"" or ""What Happens if Your Instruction Contains Errors""."
What is the cost of the loan?,"3. We charge a fixed amount of interest which we add to the loan when we open the loan account. The total amount payable by you is the sum of interest and the loan. Although it is added upfront, we work out interest (and the APR) as if the loan amount was reduced by each projected repayment, using the interest rate, the number of monthly repayments and the period of the loan. For these purposes, we assume we provide the loan one month (or, if you have an initial payment holiday, three months) before the first repayment date.",0,,,0,1,"N

The heading ""What is the cost of the loan?"" does not accurately introduce the nature of information contained in the body. The body text talks about charging a fixed amount of interest, which is related to the cost of the loan, but it doesn't directly answer the question asked in the heading. A more accurate heading would be something like ""How do we calculate interest on your loan?"" or ""What is our interest rate policy?"""
C1 Introduction,"Joint accounts are available with the account provided that at least one of the nominated account holders are named on the mortgage, investment or savings account. For joint Zero account applications linked to a savings account - at least one of the account holders must have a total savings balance of Â¬Â£10,000 and this balance must have been held for at least the last three months.",1,,,1,1,"N

The heading ""C1 Introduction"" does not accurately introduce the nature of information contained in the body. The body text talks about joint accounts being available with the account, which is more related to product/service information rather than an introduction. An introduction would typically provide context, purpose, or scope of the document, but this heading does not do so."
How can you make a complaint?,"If we do not give the standard of service you expect, or if you think we have made a mistake, please let us know so we can investigate, put matters right and take steps to prevent it happening again. If you are not happy with the way that we deal with your complaint, you may be able to refer your complaint to the Financial Ombudsman Service by writing to Financial Ombudsman Service, Exchange Tower, London E14 9SR, calling 0800 023 4 567 or 0300 123 9 123 or sending an email to complaint.info@financial-ombudsman.org.uk.",0,,,0,1,"N

The heading ""How can you make a complaint?"" does not accurately introduce the nature of information contained in the body. The body text actually talks about what happens if the bank doesn't meet its standard of service, rather than providing instructions on how to make a complaint. A more accurate heading would be something like ""What happens if we don't meet our standards?"" or ""Our commitment to service""."
B1 Joint accounts,"9. There may be severe consequences if: (a) you do not make repayments on time; or (b) we find that any information you provided as part of your loan application was materially incorrect or misleading; or (c) you are declared bankrupt or have similar proceedings taken against you; or (d) we reasonably suspect any fraud or other criminal activity in connection with this agreement and/or any other facility or account that you have with us. In any of these cases, we can: * demand immediate repayment of the loan; * disclose information about you and the conduct of your loan to licensed credit reference agencies (which may make it more difficult for you to borrow in future); * restrict access to credit on other accounts you have with us (such as an overdraft or credit card); * bring legal action to recover the loan (which could include asking a court to order that, if a property you own is sold for any reason, some of the sale proceeds are used to repay this loan); and * require you to pay our reasonable costs and expenses for taking action to obtain payment, including legal costs; but we will give you advance notice and (unless the problem cannot be fixed) the opportunity to fix the problem before taking any of these steps. 10. If we choose not to enforce our rights under this agreement at any time, we may enforce them at a later date instead.",1,,,1,1,"N

The heading ""B1 Joint accounts"" does not accurately introduce the nature of information contained in the body. The body text talks about severe consequences if certain conditions are met, which is unrelated to joint accounts. The heading seems to be misplaced or incorrect. A more accurate heading would be something like ""Consequences of Certain Actions"" or ""Important Information About Account Management""."
D6 Funding requirements,"There is no monthly minimum funding requirement; however you must pay money into your account with your primary form of funding, for example any postgraduate loan, grants, parental contribution and/or income from any part time employment.",0,,,0,1,"N

The heading ""D6 Funding requirements"" suggests that the following text will discuss specific requirements related to funding, such as amounts or frequencies. However, the body text states ""There is no monthly minimum funding requirement..."" which does not provide any actual funding requirements, but rather a statement about the absence of a requirement. The heading does not accurately introduce the nature of the information contained in the body, which is a negative response."
D2 Eligibility,"To be eligible for the 1I2I3 Graduate Current Account: C2.1.1 You must be a UK resident and be 19 years of age or over C2.1.2 You must be able to provide proof of graduation (graduate certificate or confirmation from the university on letter headed paper) C2.1.3 You must also have successfully completed a course with a Higher Education Provider of the following type within the last three years i) your first undergraduate course ii) postgraduate course iii) Higher National Diploma (HND) iv) Nursing training course (with a course length of two or more years) v) Foundation degree (with a course length of two or more years) C2.1.4 From 10 July 2018, this account was removed from sale and is only available for 1I2I3 Student Current Account customers once they complete their studies. Customers will automatically transfer to the 1I2I3 Graduate Current Account at the end of their course.",0,,,0,1,"N

The heading ""D2 Eligibility"" does not accurately introduce the nature of information contained in the body. The body text appears to discuss eligibility criteria for a specific graduate program or account, whereas the heading suggests it might relate to general eligibility requirements. A more accurate heading would be something like ""1I2I3 Graduate Program Eligibility Criteria""."
D3 Use of your account,These conditions apply to any person who opened a 1I2I3 Graduate Current account with us who met the eligibility criteria as set out in C2 below. If there is any inconsistency between the General Conditions and these Specific Conditions the Specific Conditions will prevail.,1,,,1,1,"N

The heading ""D3 Use of your account"" does not accurately introduce the nature of information contained in the body. The body text appears to be discussing general terms and conditions that apply to anyone who opens an account, whereas the heading suggests it's specifically about how to use one's account. The two do not align."
A1 Introduction,"D3.1 Only one 1I2I3 Postgraduate Current Account can be open at any one time and it must be used as your main or primary current account. Your main form of funding, for example, any postgraduate loan, grants, parental contribution, and/or income from any part time employment must be paid into it. If you don't pay in your main form of funding, we reserve the right to reconsider our relationship with you. This may involve us not continuing to provide some (or all) of the services on your current account, for example, by us cancelling your 1I2I3 Postgraduate Arranged Overdraft allowance or closing your current account. We'll give you at least two months' notice of any change to the services on your current account or if we close it. If your circumstances change, or you think that they are likely to (for example you enter full-time employment or decide to take a gap year or year out) you must inform us as soon as possible.",1,,,1,1,"N

The heading ""A1 Introduction"" does not accurately introduce the nature of information contained in the body. The body appears to contain specific details about a type of account (Postgraduate Current Account), whereas an introduction would typically provide general background or context rather than specific information."
Can you repay the loan early?,"7. You can repay all, or part, of the loan early by giving us notice in writing or by telephone. If you give us notice, we will tell you the amount needed to repay the loan in full within the next 28 days (or on a later date you tell us). 8. If you repay part of the loan early, your monthly repayment will stay the same but you may repay the loan more quickly. If you repay the loan in full, the formula in the regulations we use to work out the reduced amount of interest we can charge, works as if we charged interest at the rate that applies to the loan from the date we gave you the loan to the date which is 28 days after you give us notice, plus an additional month if your loan is repayable over a period of more than 12 months. For example, if the loan is for 36 months and you give us notice on 1 September that you want to repay the loan on 14 September, the amount required to repay the loan will include interest up to 29 October.",0,,,0,1,"No, the heading does not accurately introduce the nature of information contained in the body.

The heading ""Can you repay the loan early?"" suggests that the answer will be about whether it is possible to repay the loan before its scheduled end date. However, the body text ""7. You can repay all, or part, of the loan early..."" actually provides information about how to repay the loan, rather than simply answering the question posed by the heading. The heading implies a yes/no answer, whereas the body text provides more detailed information."
B2 Paying money into your account,It is a condition of your account that you maintain regular payments into your account. The minimum regular payment is the amount we notified you of when you applied for your account.,0,,,0,1,"N

The heading ""B2 Paying money into your account"" does not accurately introduce the nature of information contained in the body. The body text talks about a condition of the account, which is unrelated to paying money into the account. The heading suggests that the content will be about depositing funds, but instead it discusses a contractual obligation."
What are our rights if you miss a repayment or we have other concerns?,These conditions apply to any person who opened a Zero Current Account with us who met the eligibility criteria as set out in A2 below. If there is any inconsistency between the General Conditions and these Specific Conditions the Specific Conditions will prevail.,1,,,1,1,"N

The heading ""What are our rights if you miss a repayment or..."" suggests that the body will discuss the consequences or actions taken by the bank when a customer misses a repayment. However, the body text actually talks about ""any person who opens"" something, which is unrelated to missing repayments. The heading does not accurately introduce the nature of information contained in the body."
A4 Use of your account,A4.1 Your account must be used as your Primary Current Account. A4.2 You must pay money into your account with a minimum sum each month - please see A.2.1.4 above for details.,0,,,0,0,"Y

The heading ""A4 Use of your account"" accurately introduces the nature of information contained in the body, which is about how the account should be used (specifically, that it must be used as the primary account). The heading clearly indicates what topic will be covered in the subsequent text, making it easy for the reader to anticipate and understand the content."
What happens if someone dies,"9.1 If you die, your Customer Agreement will continue until either we or your personal representative end it. We'll ask for evidence confirming your death and the legal appointment of your personal representative. 9.2 Sometimes a personal representative might want to give us an instruction before we have evidence that they have been legally appointed. If this happens, we'll decide whether we should act on their instruction. We might ask for evidence that they are the right person to take instructions from, and that your estate is not insolvent (for example, that all your creditors have been paid, or will be paid out of your estate). We might also check with your beneficiaries that they don't object to us acting on your personal representative's instructions. 9.3 We'll accept an instruction from a personal representative to pay inheritance tax using money in your account, even if we don't have evidence that they have been legally appointed. 9.4 Some estates are small enough that the personal representative doesn't have to be appointed legally to act for the estate. If this is the case, we can decide to pay the balance in your account(s) on the instructions of your personal representative. We'll ask them to sign an agreement that they'll reimburse us if we incur any loss as a result of letting them take the money out of your account(s). 9.5 Unless the law prevents us, we'll close all your accounts that are still open within two years of the date of your death. We can claim against your estate or your personal representative for our reasonable costs in closing your account(s).",0,,,0,1,"N

The heading ""What happens if someone dies"" does not accurately introduce the nature of information contained in the body. The body text actually discusses what happens to the Customer Agreement when someone dies, rather than providing information about what happens if someone dies. A more accurate heading would be something like ""What Happens to My Customer Agreement When I Pass Away""."
6. If something goes wrong,"6.1 The section in the Customer Agreement titled 'If something goes wrong' explains the situations in which we will refund you, and explains what we will refund. In situations where we refund you, you won't have any further claim against us or any other member of the Barclays Group.",0,,,0,1,"N

The heading ""6. If something goes wrong"" does not accurately introduce the nature of information contained in the body. The body text appears to be discussing the location of a specific section in the Customer Agreement, which is not related to what one would typically expect from a heading that says ""If something goes wrong"". A more accurate heading might be ""Location of Dispute Resolution Information"" or something similar."
General Terms and Conditions,"1. Club Lloyds Lifestyle Benefits are only available to Club Lloyds account holders, who are resident in the UK and aged 18 or over. 2. On opening a Club Lloyds account with Lloyds Bank, you will be invited to select one benefit choice per account year. 3. You can select one of the following Lifestyle Benefits: 6 cinema tickets, a 12-month Magazine Subscription, a 12-month Gourmet Society Digital Membership or 12 Rakuten TV movie rental codes. 4. Once you have opened a qualifying Club Lloyds account you will receive a welcome email or letter providing details of any actions you need to take. The Administrator will contact you by email if you provided an email address when you opened your Club Lloyds account. If you did not provide an email address, the Administrator will contact you by post. You should check your junk folder for any email communications. 5. To receive the benefit in full for the first year, you have 30 days from opening your Club Lloyds account to make your Lifestyle Benefit selection and you may change your selection within the 30-day period. Once the 30-day period has expired you will not be able to change your Lifestyle Benefit selection other than as set out in condition 14. If you make your Lifestyle Benefit selection after the initial 30-day period, then it will be fulfilled on a pro-rata basis. For example, if you make your Lifestyle Benefit selection 6 months after the end of the 30-day selection period, the Lifestyle Benefit will only be valid for the remaining 6 months of the benefit year. Thereafter you will not be able to change your Lifestyle Benefit selection other than as set out in condition 14. 6. If selecting a 12-month Magazine Subscription as a Lifestyle Benefit you will need to confirm the publication title by visiting http://www.clublloyds.com or calling 0345 3030303 (+441733 462224 if calling from abroad). 7. If you choose a 12-month Gourmet Society digital membership, a 12-month digital Magazine Subscription or 12 Rakuten TV movie rental codes, you must provide a valid email address. 8. The Lifestyle Benefit for digital magazines is available to download on Apple and Android devices. 9. Apple is a registered trademark of Apple Inc., registered in the U.S. and other countries. Android is a trademark of Google Inc. 10. After the 30-day period, Lifestyle Benefits will start to be dispatched. Timings vary depending on the Lifestyle Benefit selected. 11. Postal delivery of Lifestyle Benefits will be delivered to UK street addresses only (i.e. no PO Box addresses). 12. Neither the Administrator nor any Supplier accepts responsibility for delays by the postal services, for incorrect details being provided by the account holder or for any other unforeseen circumstances that may delay delivery. 13. One Lifestyle Benefit per account is available for each 12 months that you have a Club Lloyds account and if leaving Club Lloyds, the benefit may be cancelled at the sole discretion of Lloyds Bank. 14. After the initial 12-month period you will be able to select a new or the same Lifestyle Benefit for the following 12-month period. 30 days before the expiry of any 12-month period you will be sent an email or letter asking you to choose your benefit for the following benefit year. Your final choice must be communicated to the Administrator within 30 days of the expiry of that benefit year or you will be deemed to have chosen the same benefit for the following benefit year. 15. Any Lifestyle Benefit will only be delivered to the email or postal address originally provided to Lloyds Bank when selecting to join Club Lloyds, unless amended or changed by you through Lloyds Bank. 16. Any Lifestyle Benefit that is lost in transit and not delivered to you will only be re-issued twice and only within the same benefit year it was originally issued in. 17. In addition to these general terms and conditions and the terms specified under the section for each Lifestyle Benefit and/or Supplier below, the Lifestyle Benefits are subject to the general terms and conditions of business of the relevant Supplier which can be read (and may be updated from time to time) online at: Vue: http://www.myvue.com/legal Odeon: https://www.odeon.co.uk/privacy-and-legal/ Gourmet Society: https://www.gourmetsociety.co.uk/terms_and_conditions.php Hearst Magazines: http://www.hearstmagazines.co.uk/TermsandConditions.aspx Rakuten: https://www.rakuten.tv/uk/terms_conditions/2366 Any disputes arising other than in connection with these Lifestyle Benefits terms and conditions should be raised with the relevant Supplier. 18. The Administrator shall have no liability for the acts or omissions of any Lifestyle Benefit Supplier other than any refusal by such Supplier to provide a Lifestyle Benefit in accordance with the terms and conditions applicable to it. 19. The Lifestyle Benefits are for personal and non-commercial use and cannot be sold, made available or otherwise transferred to any third party for commercial gain. 20. The description and terms and conditions of Lifestyle Benefits are provided by the relevant Suppliers. 21. There is a maximum of one Lifestyle Benefit per account per year. Joint account holders who choose Gourmet Society Membership will receive their own digital membership number. 22. Lifestyle Benefits sent via post will be sent by Royal Mail 2nd class post. 23. Any questions or complaints should be addressed to Club Lloyds Lifestyle Benefits, PO Box 1586, Westside, London Road, Hemel Hempstead, HP1 9SF or by calling 0345 3030303 or by emailing enquiries@clublloyds.com. 24. Calls may be recorded for monitoring or training purposes. Lines are open seven days a week, 8am to 8pm Monday to Saturday and 9am to 6pm on Sundays. 25. The Administrator does not accept responsibility for registrations lost, corrupted or delayed as a result of any network, computer hardware or software failure of any kind. 26. The Administrator reserves the right to amend or withdraw the Lifestyle Benefits if deemed necessary due to circumstances outside of its control. 27. The Administrator shall not be liable for any failure to comply with its obligations where the failure is caused by something outside its reasonable control or any other circumstances amounting to force majeure. 28. There is no cash or other alternative to the stated Lifestyle Benefits, in whole or in part. Unless otherwise agreed in writing by Lloyds Bank, the Lifestyle Benefits will only be sent directly to the account holder(s). The Promoter reserves the right to change or provide a similar alternative Lifestyle Benefit of the same or greater value or specification should circumstances beyond their control make this necessary. Lifestyle Benefits cannot be exchanged in any Lloyds Bank branches. 29. The law of England and Wales shall apply to the Club Lloyds Lifestyle Benefits and disputes relating to it shall be decided in the Courts of England and Wales. 30. Your personal details will be retained solely for the purpose of operating the Lifestyle Benefits and as further specified in the relevant Supplier's terms and conditions below. Data collected and held by the Administrator and the Suppliers is done so in accordance with applicable data protection law. The Administrator and the Suppliers will comply with applicable data protection law. For full details of our Privacy Notice please visit www.lloydsbank.com/privacy 31. These Lifestyle Benefits are administered by Hawk Incentives Limited, PO Box 1586, Westside, London Road, Hemel Hempstead, HP1 9SF. Company Registration Number 04155659.",0,,,0,1,"N

The heading ""General Terms and Conditions"" does not accurately introduce the nature of information contained in the body. The body text appears to be describing specific benefits offered by the Club Lloyds program, which is not typically considered a term or condition. A more accurate heading might be something like ""Club Lloyds Lifestyle Benefits"" or ""Program Details""."
Vue Specific Cinema Terms and Conditions,"The following venue related terms & conditions will apply to Vue Cinema Ticket Vouchers: 1. Each cinema ticket voucher can be exchanged for a 2D or 3D admission ticket to any Vue Cinema in the UK only (excluding Gold Class, Premiere seating, Special, Alternative, Event Cinema screenings, Over 18's Screenings and Scene Westfield). Tickets can be upgraded to a VIP or Xtreme ticket at no extra charge. For 3D screenings 3D glasses are provided at no extra charge subject to availability. 2. Each cinema ticket voucher is also valid as part payment for Scene, Gold and IMAX. Upgrades to Scene, Gold and IMAX are available on payment of the difference in cost between Standard adult price for the upgraded experience and standard Adult 2D admission (not VIP seating). 3. Each popcorn voucher can be exchanged at the Box Office only and is valid for one half-price popcorn of any size, any day subject to availability. Valid for a single use only and must be redeemed in conjunction with a valid cinema booking. 4. Each cinema ticket voucher must be used at the time of exchange for any one regularly scheduled film performance subject to availability. Valid for a single use only and cannot be re-instated or replaced once redeemed (this includes if you cancel your booking) 5. Each cinema ticket voucher can be used to book a cinema ticket online at www.myvue.com, or can be exchanged at the box office of any Vue cinema. This ticket voucher cannot be used to reserve an admission ticket by telephone. 6. Each cinema ticket voucher may not be combined with any other ticket offer. It may not be used for premieres or special events. 7. Each cinema ticket voucher cannot be used for Event Cinema screenings, including: NT Live, ROH Live, RSC, Met Opera, Bolshoi, Theatre, Special Events and Bollywood. 8. Each cinema ticket voucher and popcorn voucher is for personal use and may not be exchanged for use at a later date nor may they be exchanged for cash or merchandise or otherwise transferred to any third party for commercial gain. Not for resale. 9. Each cinema ticket voucher expires on the expiration date given and is not subject to extensions. 10. Film classification rules apply. ID may be required. The Cinema Manager's decision is final. 11. Please note that due to Vue's advance booking policy the film and performance you wish to attend may be sold out and seats might not be available. The holder is not entitled to any preferential right over other cinema patrons. 12. For any lost or stolen ticket vouchers, please contact the Club Lloyds helpdesk on 0345 303 0303 (+441733 462224 if calling from abroad). Any lost or stolen cinema vouchers will only be re-issued twice. 13. Vue reserves the right to amend these terms and conditions at any time and without notice. Such changes will be posted on www.myvue.com. Alternatively, you can obtain a copy of the latest terms by calling Vue Guest Services on 0345 308 4620 (local rates apply) or by emailing customerservices@vuemail.com. 14. These terms and conditions and any related disputes are subject to interpretation under the laws of England and Wales, and to the jurisdiction of the courts of England and Wales.",0,,,0,1,"N

The heading ""Vue Specific Cinema Terms and Conditions"" does not accurately introduce the nature of information contained in the body. The body text talks about ""venue related terms & conditions"", which suggests it's about general terms and conditions for a physical location or event, whereas the heading specifically mentions ""Vue Specific Cinema"", implying that it's about a specific cinema chain (Vue) and its terms and conditions."
If you owe us money,"6.2 The Customer Agreement explains that if you owe us money under an agreement with us and you haven't paid it back when you should have done, we can use money in any of your accounts with us to pay off some or all of the money you owe us. This includes money owed to other companies within the Barclays Group of companies. This is called 'set-off '. 6.3 We also explain in the Customer Agreement that if you have told us that money you hold in an account in your name belongs to someone else, we won't use our right of set-off to take any of that money. The exception to this is where money is owed to us on an account held for that person's benefit.",0,,,0,1,"N

The heading ""If you owe us money"" does not accurately introduce the nature of information contained in the body. The body text actually discusses the Customer Agreement and its explanation of owing money, but it doesn't provide any specific information about owing money. A more accurate heading would be something like ""Understanding Your Obligations Under the Customer Agreement""."
ODEON Specific Cinema Terms and Conditions,"The following venue related terms & conditions will apply to ODEON vouchers codes: 1. Each cinema ticket voucher may be exchanged for one ticket with a standard, Premier or recliner seat to view a standard 2D, 3D or iSense film showing at any ODEON cinema in the UK except the following cinemas: ODEON Luxe & Dine and BFI IMAX. At ODEON Luxe Leicester Square the voucher code can be used in screens 2-5 but not in the Dolby Cinema. Upgrades are payable for other film formats and seat types (see below). 2. Each cinema ticket can be exchanged for one ticket for ODEON Kids screenings. For each ticket redeemed to an ODEON Kids screening, you are entitled to a free small popcorn. If redeeming your ODEON ticket voucher at the cinema, you will need to ask at the retail counter to redeem your free popcorn. Or, if you have booked your ODEON tickets online, you will receive a QR code from ODEON. Show the QR code to the host serving you at the retail counter. 3. Each cinema ticket voucher includes one pair of 3D glasses in cinema per ticket voucher when used on a 3D film. 4. Each cinema ticket voucher is valid on screenings up to and including the expiry date only. Cinema ticket vouchers are valid for 12 months from the date of issue. 5. Each cinema ticket voucher is valid for standard seats, Premier seats, and recliners in Luxe cinemas and ODEON Bournemouth, ODEON Hatfield and ODEON Taunton. 6. Each cinema ticket voucher is not valid for IMAX, Dolby, Club seats, D-Box seats, VIP seats, or any other premium priced seating not specifically set out in these terms, unless you pay an upgrade fee. The upgrade fees vary per cinema. 7. Each cinema ticket voucher is not valid on Gallery, ODEON Luxe & Dine, ODEON Event Cinema, ODEON Silver Cinema, ODEON Newbies or ODEON Screen Unseen. 8. Each cinema ticket voucher is not valid on premieres, special events or screenings or events not open to the public. 9. Online Redemption: To use your ODEON ticket voucher to book your ODEON ticket online and on the ODEON app, simply enter the ticket voucher code in the 'ODEON Promo Code Box' which appears on the payment page. Online booking fees do not apply if you redeem your ticket voucher online, but will apply for any additional full price tickets in the transaction. 10. Box Office Redemption: To use your ODEON ticket voucher to purchase your ODEON ticket at the cinema, present your printed email or letter containing your ticket voucher at the box office or retail counter. 11. Each cinema ticket voucher cannot be redeemed at ticket machines, but tickets can be collected at ticket machines if the ticket is booked online. 12. Each cinema ticket voucher is not valid in conjunction with any other offer or discount. 13. Each cinema ticket voucher is for your personal use only. 14. Each cinema ticket voucher cannot be used to buy gift vouchers, gift cards, food, drink or any other ODEON goods or services. 15. Tickets are subject to availability, normal age restrictions and other relevant standard terms including ODEON's general admission terms. ID may be required. 16. For any lost or stolen ticket vouchers, please contact the Club Lloyds helpdesk on 0345 303 0303 (+441733 462224 if calling from abroad). Any lost or stolen Vouchers Codes will only be re-issued twice. 17. Issuer: ODEON Cinemas Limited, 8th Floor, 1 Stephen Street, London W1T 1AT",0,,,0,1,"N

The heading ""ODEON Specific Cinema Terms and Conditions"" does not accurately introduce the nature of information contained in the body. The body text talks about ""venue-related terms & conditions"", which suggests it's about general terms and conditions for a venue, whereas the heading specifically mentions ODEON cinema, implying that it's about terms and conditions specific to ODEON cinemas."
A3 Number of accounts,Customers are limited to a maximum of two Zero Current Accounts per person; this includes both single and joint account types.,0,,,0,1,"N

The heading ""A3 Number of accounts"" does not accurately introduce the nature of information contained in the body. The body appears to be discussing the limit on the number of zero-balance accounts for customers, whereas the heading suggests it's about the number of accounts in general."
Right to withdraw,"You can withdraw from this agreement (without giving any reason) by sending written notice or calling us within 14 days, starting the day after we confirm that we have signed the agreement. To tell us that you want to withdraw, please use the details under Important Information below. You must repay the loan, without delay, within 30 days, starting the day after you tell us that you want to withdraw, together with interest for each day until you repay. We wonâ€™t charge any interest if you repay the loan in full within 14 days starting the day we provide the loan. You can repay by calling us or by visiting one of our branches. If the loan is to repay any other borrowing from us, withdrawing from this agreement will not reinstate your existing agreements. These will end when we sign this agreement and apply this loan to repay everything you owe under those agreements.",0,,,0,1,"N

The heading ""Right to withdraw"" does not accurately introduce the nature of information contained in the body. The body text talks about being able to withdraw from an agreement without penalty or cost, which is a specific condition related to the agreement. The heading only mentions ""right to withdraw"", which could imply many different things, such as withdrawing money from an account or canceling a service. It doesn't give any indication that it's specifically referring to terminating an agreement. A more accurate heading would be something like ""Termination of Agreement"" or ""Withdrawal from Contract""."
C7 Maintaining the account,There is no monthly fee for maintaining the account,0,1,"better title would be ""fees for maintaining aaccount"" as the title implies more than just money",1,1,"N

The heading ""C7 Maintaining the account"" does not accurately introduce the nature of information contained in the body. The body text talks about there being no monthly fee for maintaining the account, which seems unrelated to the topic of ""maintaining the account"". A more accurate heading would be something like ""C7 No Monthly Fee"" or ""C7 Account Maintenance Fees""."